-- phpMyAdmin SQL Dump
-- version 5.2.0
-- https://www.phpmyadmin.net/
--
-- Host: 127.0.0.1
-- Generation Time: Jun 26, 2023 at 05:43 PM
-- Server version: 10.4.25-MariaDB
-- PHP Version: 8.1.10

SET SQL_MODE = "NO_AUTO_VALUE_ON_ZERO";
START TRANSACTION;
SET time_zone = "+00:00";


/*!40101 SET @OLD_CHARACTER_SET_CLIENT=@@CHARACTER_SET_CLIENT */;
/*!40101 SET @OLD_CHARACTER_SET_RESULTS=@@CHARACTER_SET_RESULTS */;
/*!40101 SET @OLD_COLLATION_CONNECTION=@@COLLATION_CONNECTION */;
/*!40101 SET NAMES utf8mb4 */;

--
-- Database: `kostez`
--

-- --------------------------------------------------------

--
-- Table structure for table `hakakses`
--

CREATE TABLE `hakakses` (
  `akses` varchar(10) NOT NULL,
  `kegunaan` varchar(25) NOT NULL
) ENGINE=InnoDB DEFAULT CHARSET=utf8mb4;

--
-- Dumping data for table `hakakses`
--

INSERT INTO `hakakses` (`akses`, `kegunaan`) VALUES
('admin', 'untuk admin'),
('clien', 'untuk pelanggan');

-- --------------------------------------------------------

--
-- Table structure for table `kamar`
--

CREATE TABLE `kamar` (
  `nokamar` int(11) NOT NULL,
  `jenis` varchar(25) NOT NULL,
  `fasilitas` varchar(100) NOT NULL,
  `harga` int(11) NOT NULL,
  `avail` tinyint(1) NOT NULL,
  `gambar` blob NOT NULL
) ENGINE=InnoDB DEFAULT CHARSET=utf8mb4;

--
-- Dumping data for table `kamar`
--

INSERT INTO `kamar` (`nokamar`, `jenis`, `fasilitas`, `harga`, `avail`, `gambar`) VALUES
(0, '', '', 0, 1, ''),
(1, 'Non Ac', 'Meja, Kursi, Kasur, Lemari, Listrik, Air Minum', 700000, 0, ''),
(2, 'Non Ac', 'Meja, Kursi, Kasur, Lemari, Listrik, Air Minum', 700000, 0, ''),
(3, 'Non Ac', 'Meja, Kursi, Kasur, Lemari, Listrik, Air Minum', 700000, 1, ''),
(4, 'Non Ac', 'Meja, Kursi, Kasur, Lemari, Listrik, Air Minum', 700000, 0, ''),
(5, 'Non Ac', 'Meja, Kursi, Kasur, Lemari, Listrik, Air Minum', 700000, 0, ''),
(6, 'Non Ac', 'Meja, Kursi, Kasur, Lemari, Listrik, Air Minum', 700000, 0, ''),
(7, 'Non Ac', 'Meja, Kursi, Kasur, Lemari, Listrik, Air Minum', 700000, 0, ''),
(8, 'Non Ac', 'Meja, Kursi, Kasur, Lemari, Listrik, Air Minum', 700000, 1, ''),
(9, 'Non Ac', 'Meja, Kursi, Kasur, Lemari, Listrik, Air Minum', 700000, 0, ''),
(10, 'Non Ac', 'Meja, Kursi, Kasur, Lemari, Listrik, Air Minum', 700000, 0, ''),
(11, 'Non Ac', 'Meja, Kursi, Kasur, Lemari, Listrik, Air Minum', 700000, 0, ''),
(12, 'Non Ac', 'Meja, Kursi, Kasur, Lemari, Listrik, Air Minum', 700000, 1, ''),
(13, 'Non Ac', 'Meja, Kursi, Kasur, Lemari, Listrik, Air Minum', 700000, 0, ''),
(14, 'Non Ac', 'Meja, Kursi, Kasur, Lemari, Listrik, Air Minum', 700000, 0, ''),
(15, 'Non Ac', 'Meja, Kursi, Kasur, Lemari, Listrik, Air Minum', 700000, 1, ''),
(16, 'Non Ac', 'Meja, Kursi, Kasur, Lemari, Listrik, Air Minum', 700000, 1, ''),
(17, 'Non Ac', 'Meja, Kursi, Kasur, Lemari, Listrik, Air Minum', 700000, 0, ''),
(18, 'Non Ac', 'Meja, Kursi, Kasur, Lemari, Listrik, Air Minum', 700000, 0, ''),
(19, 'Non Ac', 'Meja, Kursi, Kasur, Lemari, Listrik, Air Minum', 700000, 0, ''),
(20, 'Non Ac', 'Meja, Kursi, Kasur, Lemari, Listrik, Air Minum', 700000, 0, ''),
(21, 'Non Ac', 'Meja, Kursi, Kasur, Lemari, Listrik, Air Minum', 700000, 0, ''),
(22, 'Non Ac', 'Meja, Kursi, Kasur, Lemari, Listrik, Air Minum', 700000, 1, ''),
(23, 'Non Ac', 'Meja, Kursi, Kasur, Lemari, Listrik, Air Minum', 700000, 0, ''),
(24, 'Non Ac', 'Meja, Kursi, Kasur, Lemari, Listrik, Air Minum', 700000, 0, ''),
(25, 'Ac', 'Meja, Kursi, Kasur, Lemari, Listrik, Air Minum, AC, Kamar Mandi', 1000000, 1, ''),
(26, 'Ac', 'Meja, Kursi, Kasur, Lemari, Listrik, Air Minum, AC, Kamar Mandi', 1000000, 1, ''),
(27, 'Ac', 'Meja, Kursi, Kasur, Lemari, Listrik, Air Minum, AC, Kamar Mandi', 1000000, 0, ''),
(28, 'Ac', 'Meja, Kursi, Kasur, Lemari, Listrik, Air Minum, AC, Kamar Mandi', 1000000, 0, ''),
(29, 'Ac', 'Meja, Kursi, Kasur, Lemari, Listrik, Air Minum, AC, Kamar Mandi', 1000000, 0, ''),
(30, 'Ac', 'Meja, Kursi, Kasur, Lemari, Listrik, Air Minum, AC, Kamar Mandi', 1000000, 0, ''),
(31, 'Ac', 'Meja, Kursi, Kasur, Lemari, Listrik, Air Minum, AC, Kamar Mandi', 1000000, 0, ''),
(32, 'Ac', 'Meja, Kursi, Kasur, Lemari, Listrik, Air Minum, AC, Kamar Mandi', 1000000, 1, '');

-- --------------------------------------------------------

--
-- Table structure for table `transaksikamar`
--

CREATE TABLE `transaksikamar` (
  `idtransaksi` int(11) NOT NULL,
  `nokamar` int(11) NOT NULL,
  `jenis` varchar(25) NOT NULL,
  `userid` int(11) NOT NULL,
  `username` varchar(25) NOT NULL,
  `nohp` varchar(25) NOT NULL,
  `harga` int(11) NOT NULL,
  `avail` tinyint(4) NOT NULL,
  `verif` tinyint(1) DEFAULT 0
) ENGINE=InnoDB DEFAULT CHARSET=utf8mb4;

--
-- Dumping data for table `transaksikamar`
--

INSERT INTO `transaksikamar` (`idtransaksi`, `nokamar`, `jenis`, `userid`, `username`, `nohp`, `harga`, `avail`, `verif`) VALUES
(4, 3, 'Non Ac', 15, 'Sasti', '808', 700000, 1, 1),
(6, 16, 'Non Ac', 15, 'Sasti', '808', 700000, 1, 1),
(7, 22, 'Non Ac', 15, 'Sasti', '808', 700000, 1, 1),
(8, 8, 'Non Ac', 15, 'Sasti', '808', 700000, 1, 1),
(9, 25, 'Non Ac', 1, 'sukmaadi', '082322304800', 700000, 1, 1),
(10, 26, 'Non Ac', 1, 'sukmaadi', '082322304800', 700000, 1, 1),
(28, 15, 'Non Ac', 16, 'patrik', '88898889', 700000, 1, 1),
(51, 12, 'Non Ac', 17, 'sukamoto', '98232312', 700000, 1, 1),
(66, 32, 'Ac', 16, 'patrik', '88898889', 1000000, 1, 1);

-- --------------------------------------------------------

--
-- Table structure for table `user`
--

CREATE TABLE `user` (
  `userid` int(11) NOT NULL,
  `username` varchar(25) NOT NULL,
  `email` varchar(50) NOT NULL,
  `nohp` varchar(25) NOT NULL,
  `password` varchar(25) NOT NULL,
  `alamat` varchar(50) NOT NULL,
  `gprofil` blob NOT NULL
) ENGINE=InnoDB DEFAULT CHARSET=utf8mb4;

--
-- Dumping data for table `user`
--

INSERT INTO `user` (`userid`, `username`, `email`, `nohp`, `password`, `alamat`, `gprofil`) VALUES
(1, 'sukmaadi', 'sukmaadi@gmail.com', '082322304800', '123', 'jl.sulawesi. Mulyoharjo. Pemalang', 0x89504e470d0a1a0a0000000d4948445200000477000003b308060000003271ea3700002e804944415478daecdd31b2dcb81540d129a6dc02e35e07835e0717a6456047580382578514263d81ad1ad9d2ffdd6c12e4b95527b75b1ae0e1a9f5f5d75f922449922449922449d23b6aad8da59425a5f4f8f1e3473b9bed7f5bad755aff770e7eb52449922449d2253aeb22a617dbc2c8ef224992244992f4d6b66fa658bc9c4b44cc7e674a9224499274d37cbbe69efcce9724499224a993b66f75586660f92349922449d249db7e88af6504fe1a9824499224491638e05b3f9224499224bd9ae500163e922449922459e04037b66fa6391524499224491639e09b3e92244992247dbfd6dae8510efb29a52c4e1a49922449d25bf2d006dff2912449922459e6007e868f24499224e99db5d6068f63b89e9cf3d3092749922449172ca5f4f0f0057f9d4b92244992d449db5fd7f0a8052c7b24499224a9933c5801ff3a972449922459e600f8668f2449922459e600571211b35358922449922c7300dfec91244992240b1d008b1e49922449b2cc01d8c5f62ff539dd2549922459e800f8668f2449922459e60058f448922449d2176bad0d1e7100963d922449923acb430dc0a24792244992650e80458f2449922459e80058f44892244992850e80458f244992240b1d00de2d2266b795244992240b1d00dfe89124499264a10380458f244992240b1d002c7a2449922459ea0060d12349922459e80060d123499224c94207004b1e499224497f504ae9e1a10280458f244992d4591e240058f448922449163a0060c923499224ed59cef9e9a10180458f244992d4591e140058f248922449963a0060d12349922459e80080258f24499264a903c025ad8d6e7549922459e800806ff348922449963a0060c92349922459ea0080458f2449922c7400004b1e49922459ea0080258f244992b457adb5c1a00e00163d922449eaac9cf3d3500e00963c922449ea2c03380058f2489224c9520700b0e491244992a50e0058f248922449963a00707211319b4e24499264a90300becd234992244b1d00c09247922449a7a894b2188e01c092479224499dd55a1b0cc30060c9234992a4ceaab54e865f00b0e49124495267a5941e865d00b0e49124495267f9eb57008089489224a9c3fcf52b00c092479224a9c37c530700b0e4912449ea34c32a00f0a7b69fc7677a922449b2d401007c9347922449963a0080058f244992a50e0080258f244992a50e0080258f244992a50e0060c923499264a963a004002c792449922c7600002c792449922c7500002c782449922c7500004b1e4992244b1d00004b1e4992a4036bad8d864100c092479224a9c30c7f00c05545c46cda932449963a0000bec523499264a9030060c923499264b10300f0925aeb642a942449963a0000bec523499264a9030060c923499264b10300f09252ca627a942449963a0000bec5234992f4fd22623694010058f24892a40e33840100bcd7da60ca942449963a0000bec523499264b1030070a494d2c3f42949922c7500007c8b479224ddb9ed4f8c0c550000963c9224a9c30c510000163c9224c9520700004b1e499264b1030080058f2449b2d40100b0e4912449163b00009c4944cca65a49922c750000f02d1e499264b10300c09172ce4fd3ae2449963a0000f8168f2449b2d80100e048b5d6c9142c4992a50e0000bec52349922c760000b0e09124497fdcf683f40c31000058f24892e4db3a000058f04892248b1d00002c79244992a50e0000163c922459ec0000c07f44c46caa9624c952070000dfe2912449163b000058f0489264b1030000963c922459ea000060c12349922c760000b0e09124e9aed55a2743050000963c9224f9b60e000058f0489264b10300c09d45c46c5a9724e9ff94527a181a0000f02d1e49927c5b0700002c782449b2d8010080ff6d6d30cd4b926e9d7f0d0b0000dfe29124c9b7750000c0824792248b1d0000b0e09124c9620700004b1e49922c750000c0824792248b1d0000b0e09124c962070000be6bfb1762bd0a24495dd65a1b5de60000e05b3c9224dfd60100000b1e49922c760000c0824792248b1d0000f073782449163b000080578424c9520700002c782449b2d80100000b1e4992c50e000060c12349b2d80100004b1e499276aab536b8700100c0824792e4db3a000080058f24c9620700002c782449b2d80100000b1e4992c50e0000b0875aebe4752249b2d8010000dfe29124dda1ed4f055c9c000060c12349f26d1d0000c082479264b103000058f048922c760000c082479264b103000058f048922c76000080b7591bbc6e24c962070000f02d1e4992c50e000060c12349daad88985d78000060c12349f26d1d004e6e5be8fb8300000b1e4992c50e001f566b9d7abe7372ce4fbf8e00163c92248b1d00cb9a1bb47d367e8f0058f048922c76000cce17ac94b2f8bd05e09e92248b1d000cc7ee3700dc619264f00530fceaeca5941e7eff02b8e324c96207e066b61ffeebe670270258f048920cb100065a75909fe303f0b7b5c1ad2049163b009639b2ec01f0ed554992c50e80658edca700ee4e493288ba940003a9e48e05709f4a92a113c0002ab97301f7ab24c99009f066dbcf4571eaeb4cf967d7010b1e4992c50e80e152ee650077b0241920010c93923b1ac09d2c49ddd45a1b5c3480e151b2e80170474b92c50e808151b2e801705f4b92a110c080287da59cf3d35900b8bf25e96645c4ec42010c84923fb801709f4b5287f9ab58802150b2e40170b74b52bf8b9dd10502f466fbb6a1135cb2e8012c7824c962c7620730e849963c00ee7d4932d00118ee243301801940923e986fec00063a49963c807940920c6e008638c9ac0060369024c31ac0df4a298b535a32370058f04892010d30a849324300e60649329401eccd3f672e9927002c7824c920067468fba1ee4e66c96c0160c12349862fc02026c99c01982b24c9c00560f89264e600fc630c9264c802b0d49164fe00fc0c3f49325801963a92cc2100e60e49062a073ce0ebd192cc2480058f2419a2000c55925eabb536381f01b3882459ec00062949e61400738924031380014a929905309f48922109c0d024c9ec02985524c97004f4aad63a397d259963000b1e4932100106244932cf00e61749f7cdbf3c01f8e7cd2559f20058f048320001188624996f00338d24197c00439024997580734b293d9cb0920c3b80a58e24997900338e24197200438f24997d00b38e24c30d804147923908c0dc23c9400360c091641e02cc3f926490010c3692642e02cc41926480010c3392644602cc44920c2e00861849e62400b39124030b60789124f312700f29a5875355924105b0d891247313d0b1b5c1a92ac9800258ea48d201d55a27673d60669264b103185224c92c056076926418010c279264a602cc50926e5744cc0e50c0502249163c80594a920104c0302249e62bc04c25c9e001f8571e24c99c0560c123c9c001183c24c9bc0598b1241934000c1d9264ee02cc5a920c18806143926e5c4ae9e1ce00cc5c920c1680214392fc211b60f69264a0702002860b493aaaed07cfbb43003398248b1dc0502149e632c0bf4e2ac9000160b12349e633c03c26c9e00018242449e634c05c26c9c000182024c9bc06603e936458000c0e92646603cc69920c090006064932bb016635498603c0b02049fa421131bb7b00339b248b1dc0902049e638c0ec26c94000180e2449e639c00c27c93000180a2449663ac02c27c91000180624c96c07609e935cfe0006014932e301e63a492e7dc000204932eb01e63b492e7ce0446aad93935492cc7b80058f24173de0d2972499fb8013591b9c9e920b1eb0d891249da4ed9b96ee2ec0bc2759ec00b8e825c90c0898fb241dddf6d53a0714e08297240b1e00f39fe442075cec9224f320e01fd190e422072c762449e642c02c28c9050eb8d02549e643c03c28b9bc015ce492643e0430174a2e6ec0052e493227026643492e6cc0e52d49322f026644c9450de0d29624991b01b3a2e492065cd8922473238079517241032e6a4992f91130334a7231032e6949923912303b4a17ad94b2386080ef5a1b9ca49264c10360c123b98c0117b324c93c09dcc4f62503a7a7e422062c762449e64ac02c29b980015cc69224f32560a6945cbe808b5892a4bf524a0f772460ae942c760017b024c99c09982d25b9700197af24c9bc09983125972dc04f2262768a4a927e576b6d706f02163c92c50ee0c29524993b01b3a624172ce0b29524993f0133a774816aad938302f8ae52cae22495247db5edfe708f02163c923f35015cb09224732870236ba3d35372a102163b9224f328600695aed1b6f17430002e564992e50e600e955ca4800b5592247329f03111313b3de502751800163b9224f329602695facc5fc7025ca49224cb1dc05c2ab9380117a82449e654c06c2ab9300117a824496655c07c2afd51b5d6c97ff8808b539264c1039853251725e0c29424c91f48026655c9620770614a92647605ccabd26f6bad0dfe43075c9492240b1ec0dc2ab9180197a424496658c0dc2ab9140117a424496659c0fc2ab9100197a324c92c0b608695cb10c0a5284932d302e658c925085ccedae8349524996b010b1ec92508b80c254932db021f574a599ca072f901beb5234992f916f00796d267cb393ffd070cb8042549163c00665bb9f400979f2449e65cc07c2bb9f000979f2449e65dc08c2bb9ec00979e24c9bcebae06ccba72d101b8f02449e65ec0ac2bb9e000ff42962449665fc0824772c1012e3a4992ccbfc027d55a27a7a85c6c80c58e24496660c0ec2bb9d800179c2449e660c0fc2b179aff208137c8393f9da89224b33060b923b9cc00179b24496662c01c2cb9c800979a24496662c01c2c9718800b4d92643606300fcb0506b8cc2449321b036662c9e505b8c42449daa98898ddeb80b958dd94527af80f0f70894992f473ee75c06c2c9716703bdb9f723a552549e66400cb1db9b00097972449e665c08c2cb9ac0017972449e665c09c2c1715800b4b92646e06302bcb2505b8b02449323703e665c90505b8a82449323b036666b99cfc4705b8a82449324303e666b998005c529224333480b9592e25c005254992391a303f4b2e25c0e5244992591a38bdb5d1892a971160b1234992791a3047cb6504e0529224c94c0d98a5e512025c48922499ab01ccd27209012e234992ccd580995a7201012e224992ccd780995ad72ae7fcf41f0ce0229224c972073057cbc503e0029224c98c0d98ade5d2015c40922499b501ccd772e1002e1f4992ccda80f95a2e1b00178f2449e66dc09c2d970de0d29124c9cc0df092b5d1c92a970c60b9234992b91b306bcb2503e0b29124c9dc0d1c212266a7ab5c3080e58e2449e66fc0cc2d970b808b469224f337708494d2c3e9ea6201b0d89124c90c0e98bde5620170c14892640e07ccdf72a1002e174992cce200e66fb950003fb55f9224b33860c1239709804b459224f338600e97cb0470a948922433396016974b0470a14892642e07308bcb6f74c065224992b91c3093cb0502e0229124c97c0e98c9e5f2005c24922499cf01cce57271002e104992cce80066731707800b449224333a603e974b037079489224b33a603e970b0370794892645607784d296571d2ba2c002c77244932af036674b92c009786244932af0347a8b54e4e5b170580e58e24493bd55a1bcd1180595d963b800b439224733b8059dd0501e0c29024c9ec0e98d7e582005c149224c9ec0e98d9f55a1131fb8d0bb8282449b2e00130b7bb18005c12922499e10173bb3e996fed002e0949922c7700ccee2e05803fb636387d254932c703963b7229002e074992ccf10066781702808b4192a4fedabe096bae00ccf0b2dc015c0c922499e701ccf12e020097822449667ac01c2f1701700bdbbfd0e7049624c94c0ff427e7fc74f2ba04006cfb254932d703e679b9040097812449da6aad8de60bc03c7fcf0bc04fd5075c0692245d24f30560a677f803b808244932df0398e91dfe002e014992ccf780d95e0e7ec005204992ccf880d95e0e7ec005204992391f603f29a587d3d7810f58ee489224b33e60be97031f70f84b9224730660be77d80338fc254932ef0398f11df6000e7e4992ccfb80195f0e7be092d646a7b12449e67dc082470e7ac0812f4992ccfc8059df410fe0c09724e93a6dff24b1790330eb5bec0038f0254932fb0398f71df0000e7b4992ccfe80795f6f69fbe1a57e83010e7b49922c7700ccfc0e770007bd2449e67f0033bfc31d70c84b9224f33f7055db0f77771a3bd801cb1d4992e40d0098fde560071cf09224ddafd6da60ee00ccfed739d4fd2065c0012f49d20d337700e67f073a80c35d92246f0100f3bf031dc0e12e4992b700e00d208739e060972449de03803780c31ce058a594c5e92c4992f70060b9238739d0a9ed5fee703a4b92e43d0058f0c8410e38d02549923701e02de0200770a04b92e44d00e05bfc0e7100cb1d49924e58ad75327f00de03963b000e734992bc0d00bc071ce0000e734992bc0d00bc091cde80835c9224791f00de040e6f0007b92449de0700de040e6f0007b92449de0700de050e6ec0212e4992bc1100ef0239b80187b82449f246003a514a599cd00e6dc072479224792700de060e6d0007b82449de0900de060e6d0007b82449de09005f1211b353fabf4a293dfcc600fcbd5a499264b903f8c35f073680835b92246f05006f04073680835b92246f0500ef048735e0d09624492fb5fd4c0b7308e09d60b903e0d09624c99b01c03bc1410d38b4254992370380b782431a70604b9224ef06c05bc1210de0c09624c9bb01c05bc1210de0c09624c9bb01c07bc1010d38ac254992b703e0bde0800670584b92246f07c07bc1010de0b09624c9db01c09bc1e10c60b9234992f703803783c31970504b9224ef07c09bc1e10ce0a09624c97207c0bbc1c10ce0909624c91b02c0bbc1c10c38a4254992370480e50e80435a9224794300de0e0e650007b42449963b00de0e0e6500cb1d4992bc2300bc1d1cca80035a92247947005cf7fde0171670384b92246f09c0fbc1810ce0709624c97207c0fbc1810ce0709624c95b02603fb5d6e95287f1f67fc82f2c60b92349922c77006f0887318083599224cb1d006f08873180e58e2449de1300fb5a1b2e7110fb2b5980e58e2449b2dc01bc231cc4000e6549922c7700bc231cc400963b9224795300784738880187b22449f2a600b8c35bc22f20e040962449de1580b7844318c0812c4992e50e80b7844318c072479224ef0a80cfebf69f444f293dfc0202963b9224c97207a0d3f7845f38c0612c4992bc2d002c77001cc6922459ee984500ef09073080e58e2449963b00de140e5fc0412c4992bc2f002c77001cc49224c9fb02f0a670f80238882549b2dc01f0a670f80258ee4892e47d01e05de1e0051cc29224c91b03c07207c0212c4992bc3100ef0a072f80e58e2449963b00de160e5d00cb1d49928eaed63a9943006f0bcb1d00cb1d49923acd0c02785b3878012c772449b2dc01f0b670f002fc6811311bb12549f2c600b8ec82c72f0ce000962449de1900963b000e604992e49d01785b3874012c772449b2dc01f0b670e80258ee4892e49d017087f7855f10c0e12b4992bc35002c77001cbe9224c95b03f0be70e00258ee489264b903e07de1c005b0dc9124c95b03e00e6f0cbf108083579224796f0058ee003878254992f706e08de1b005b0dc9124c97207c01bc3610b60b92349d2e1d55a27f307e09db173adb5c12f02e0d09524497b94527a983f00ef0cdfda0178ab6da96dd49624c97b03c07207a053db9f201ab52549f2de00b0dc0170f04a9224ef0d807f2ba52c0e5b00cb1d49922c7700bc331cb400963b922459ee0058ee003874254992370780e50e8043579224cb1d80bb38e45fe6f5c103963b9224c99b03a0d3b7860f1c70e04a92246f0e00cb1d802ea5941e466e4992bc39002c77001cba9224c99b03c07207c072479224cb1d00ef0c072d80e58e2449963b00f7786bf8a0012c772449f2ee00b0dc0170e04a92a45fd65a1bcd1b80b786e50e80e58e2449beb503e0ade1a005f8b55aeb64f49624c99b03a0bb058faf4702f8f68e2449963b001dbf357cc000963b922459ee0058ee003870254992770780e50e80e58e2449963b00de1a0e5900cb1d49922c77004ea494b23864012c772449b2d801f0def8b988987db800963b922459ee0074fadef0c10258f0489264b90360b903e0c0952449de1d00963b00963b922459ee00786b3864012c772449b2d801b8c37bc3070a60b9234992e50e80e50ec0e5a4941e46714992bc3b002c77001cb8922459ee982b002c77002c772449b2dc01f0d670c80258ee489264b10370adf7860f13c072479224cb1d804edf1b3e4800cb1d49922c77002c7700fc8b599224c9bb03c07207c0b7772449b2dc01f0d670c80258ee489264b10360b90380e58e2449de1c00963b000e5c49922c7700d8efbde14304b0e09124c97207a0d3b7860f10c0724792248b1d00cb1d0007ae2449f2e600b0dc01b0dc9124c97207c05bc3410bb09388988de8922479730058ee00f8f68e2449963b00bcfed668ad8d3e3c00cb1d49922c76003a7d6bf8e0002c772449b2dc01b0dc0170e04a92246f0e00cb1d00cb1d49922c7700bc351cb400163c922459ec0058ee0060b9234992e50ec027d55a27872d80e58e2449963b00777a6bf8d0002c782449daa38898cd0b003bbf334a298b0f0dc072479224dfda01e8f49de10303b0dc9124c97207c07207c0a12b4992bc37002c77006ef293ec2549b2dc01c07207c0b7772449b2d801f0c670e00258ee489264b90360b903e0e0952449de1a0087bc337c5800af8b88d9082f49927706c0c7973b39e7a70f0bc0b7772449b2dc01e8f48de18302b0dc9124c97207c0720700cb1d4992bc35002c77002c782449b2d801c07207c072479224cb1d00cb1d002c772449b2dc0138d2dae0d005b0dc9124c96207e0ca6f0c1f1280058f2449963b009dbe2f72ce4f1f1280e58e2449963b009dbe2f7c4000963b922459ec0058ee0060c1234992370680e50e80e58e2449963b0058ee0058ee489264b90360b90380058f2449163b00963b000e6149922c7700b0dc01b0dc9124e9dcb5d606773f80e50e80e58e2449beb50380e50e80058f2449963b00d7516b9d1cc000963b922459ee005cf15de1c301d85f44cc467e4992c50e00963b00bebd234992e50e8037850318c072479224cb1d00cb1d002c772449f2ae00b0dc01b0e09124c9720700cb1d00cb1d49920e68fba779ddf100963b00b7b1367a0648927c6b0700cb1d00dfde9124c97207c05bc2410c60b9234992e50e80e50e00163c92248b1d002c77002c772449b2dc01e07f8b88d9610c60b9234992c50ec095de123e14000b1e49922c77002c7700b0dc912459ee00f0e977446b6df4a10058ee489264b103d0e93bc2070260c1234992e50e80e50e00963b9224cb1d002c77001ccc922459ec0060b90360c1234992e50e80e50e00963b922459ec0058ee0060c12349b2dc01c07207c072479224cb1d002c77002c772449b2d801b0dc01c082479264b90380e50e00963b92a48e2aa52cee6a00cb1d007e23a5f4f07c9024f9d60e00963b00bebd234992e50e80e50e00963b922479370058ee0060c12349b2dc01e06d6aad93431ac072479224cb1d804ee59c9f0e69000b1e49922c7600aef05ef0610058ee489264b90360b90380e58e24c9620700cb1d002c782449963b0058ee0058ee4892f472db0feb74170358ee0060c12349f2ad1d002c77001cda922459ee0060b90360c1234992c50e80e50e00963b9224cb1d002c7700b0e0912459ec0060b90360b9234992e50ec06ddf07adb5c1870160b9234992c50e80e50e00163c9224cb1d000e58ee8c3e0c00cb1d4992b64a298bbb16a0b3b741ad75f2610058f04892e45b3b00963b0058ee48922c7700f8f4bb2022661f0680058f2449ee56804edf04fe4e2d80e58e2449963b00963b0058f048922c7600b0dc01c072479264b90380e50e80058f2449163b007ea03200963b9224cb1d004eff16f04fa10358f048922c7600b0dc01c072479264b903c011ef80d6dae8c300b0e0912459ec00d0ef7267f0610058ee48922c7700b0dc01c0824792d44929a5877b13e042f3bf0f03c0724792e45b3b0058ee0060c12349ea20dfde07b0dc01c0724792e45b3b0058ee0060c12349b2d801c0720700cb1d4992e50e80e58e0f03c082479274f55a6ba3fb11c0720700cb1d49926fed0060b90380058f24c9620700cb1d002c772449963b00e67d073d80058f24c9620700cb1d002c772449963b0058ee0060c12349b2d801e0f74a298b031fc072479264b90340a76aad93031fc082479264b103c015e67b1f08c00d37fb9224cb1d002c7700f0ed1d4992c50e00963b007c50cef9e9c92349963b0058ee00e0db3b92248b1d002c7700b0e0912459ee0060b90380e58e24c96c0f60b90380058f24c9720700cb1d002c772449163b0058ee0060c12349b2d801c07207000b1e49b2dc01c0720700cb1d4992c50e00963b0058f048922c7700d86b86f7a100b8182449163b0058ee0060c12349b2d801c072078023ac8d9e4a9264b90380e50e00bebd2349b2d801c07207000b1e4992c50e00bf524a595c100058ee4892e50e00579ad97d300058f04892c50e00963b00f8e1ca92248b1d002c7700f0ed1d4992991d00cb1d002c7824c9620700cb1d005c1a92248b1d002c7700b0e0912459ee00b0ef8ceec301c08247922c7600b0dc01c072479264b10380e50e00163c9274df5a6b83bb0700cb1d00deaad63a796e49926fed0060b903806fef48922c7600f8a6b5d1250280058f2459ec0070c579dc070480e58e2459ee0060b90380058f24c9620700cb1d002c7824c96207002c7700b0dc91248b1d002c7700c08247922c7700b0dc01c0824792640607c0720700cb1d49b2d801c0fced8201c08247922c7600b0dc01000b1e49b2dc01c0720700cb1d49b2d80100cb1d002c7824c96207809bcfdb3e28002c7824c9620700cb1d006eacd63a79c24992591b00cb1d007c7b47922c7600c07207000b1e49b2d801e04633766b6df46101f00e29a587279d248b1df7010007fc01aa0f0b00dfde91a4d78b88d95d0080e50e00163c92e45b3b00d0b6bf6de51202c08247922c7600b8c34ced0303c07247922c7600b0dc01000b1e49b76bfb61f2ce7c002c7700702149926fed0080e50e00163c9264b103c02de7e8eda72ffbd000b0dc91248b1d003a9ea37d680058f04892d91900cb1d00b0e09164b90300963b005c51ad75f2249464b10300bfb7fd081d971400bebd2349163b00dc696ef6c10160c12349e665002c7700c0824792e50e0058ee00e0e7ef4892c50e00963b2e2d007c7b47922c7600b0dc01000b1e49163b0060b90300163c922c770060dff9d8070880058f24998d01b0dc0100cb1d49163b0070c46c9c527af81001b0e09164b9e34c06a0e3b9d8870880058f248b1d00b0dc01000b1e49163b00f045a594c58506800b4d92be5144ccce60002ef1079d3e48007c7b47926fed0080e50e0058f048b2d80100cb1d005c6e9264b10380f9f74be59c9f3e4c002c782459ee0040c7b3af0f1300cb1d49163b0060b90300163c924e5b6b6d70be027026b5d6c97207000b1e4932f30260de75d10160c123c96207002c77006007db5fa3f02c9564de05c072c78507804b4f92c50e0058ee0080058f248b1d00785d296571f10160c12349665c00ccb62e3e00bafaf93ba3a7aa24f32d00963b2e3f005c82922c7700e09a73ad0f17000b1e49163b0060b90300bb4a293d3c5d25996b01b0dc710902e0329464b1030047fc2cc9c1450800163c92ccb40098635d8400f42d2266cf5849e659002c775c8600b8182559ee00c07566581f32002e4749163b0060b90300963b922c7700e088d9d5070d804b5292c50e0058ee0080e58e24cb1d00386a6ef56103e0a29464b10300963b00f051a594c53357b2dc0100cb1d1724002e4b49163b00d0f7acea0307c08529c97207002c7700c0824792b915008e98536bad930f1d0097a6248b1d00e8784ef5a103e0e29464b90300963b0060b923c9bc0a80f9d46509005fb3fd15634f5fc96207002c7700c0052ac9720700fa9d4d7df800b8402559ee0080e50e0058ee4832a302602e75710280058f24332a0066521727002e5249963b0070a799d42f02002e5249963b0060b90300963b92cca600dccedae0020500cb1d49665300cca32e50005ca8922c7700e096b36844cc7e310070a14ab2dc01808e6751bf1800b85025994b01c07207002c77247dbb5aebe44c03c01c6ab903804b55926fed00c03de750bf2800b85425994701c07207005caa92cca30098415da60060b92359ee008019d4650a808b5592e50e00dc6506f5af1300e0629564b903009dcfa07e710070b14a328b0280e50e00b85825994501307fba5001c07247b2dc0100f3a74b150097ab24cb1d00b0dc010097ab24732800b85401c0624792391400f3e7be955216bf5800b85c2559ee0040c7f3a75f2c005cae92cca00060b903002e5749665000cc9e2e5600f8b588983d8725cb1d00b0dc71b102e07295640e0580ebcd9f7ed10070b94a32830280e50e00b85c25994101307bba5801c06247b2dc0100f3a7cb150097ab24f3270058ee00808b5592191400f3a78b15002c7724994101307fba5c0170b14ab2dc010033a8cb150017ab24f32700fc43296571b90280c58e243328006650172b002e5549963b00600e75b902e0529564060500cb1d0070a14a328302600e75b10280c58e247328006651172b002e5349163c00601e75a902e02295640e05802bcfa37e610170914a328b026026edb85aebe417170097a8240b1e00cca52e5400b0d891641e05e0b4b62fb8b84c01c0624792991400b3e9f96aad8d7e910170794ab2e001c07cea220580b63678a24a32970260b1e31205c0a529c9820700cca95ff8ab59835f6c005c98922c780030abba400170514a92191580d38888d9c50900963a92cca900985b5d9a00b82025c9ac0a80d9d5a509808b5192250f0098615d9600b8102599590130c75eb0d6dae8171f004b1d49963c0098675d9200b80425c9ec0a8099d60509800b5092ccb000986dbf542965f19b00c0c52749963c0098715d8a00b8f024c92c0bc0c76d5f5c7121fa8d0060a12349665a00ccbcfdd65a1bfc660070c14992250f00665f97200007ca393fdd689264be05b0d871f901e0429324732e006661171f007b4a293ddc5c9264d605b0dc910b0fc0e52549665e00ccc62e3a005c5a9264f605c09cec9203c0652549e65f00cccb2e3700179424c91c0c606e76a901e0729224f33000e667171a002e2449321703f04e6b835bca250670e44534ba6924c97c0c803f24758101b8802449666400b3b55c5c007baab54e6e1449322f0360b1e3b20270e14892cccd0098b55d54002e1a4992f919c0cced7202c005234932470398bbfb28e7fcf49b07e0d7fcf38b92248b1e00cb1d9711800b459264b606c01cee020270994892ccd800e671b97c005c229224b33680b9dc8503e0f29024c9cc0d603677d1001c222266a7be24c9fc0d60b9e3820170594892640e07f007b02e15004b1d4992cce380995d2e1400178424c95c0e6076974b047031489264460730bfbb38005c0a922499d501ccf12e0d00978124496676c03c2f1705e0129024c9fc0e60a6774100b800244932c30398ed5d0c000e7e4992ccf300e67b9701e0d0972449e67ac09c2f1701e0b09724c96c0f7080b5d1c9ec02002c75244992391f30f3cbc10f38e0254932eb0398fd1df8000e764992ccfc00e67f873de0efd94a9224733f60b923873cd0c3526770b24a92e40d0058ecc8c10e74a694b238512549f216002c77e450071ce29224c97b00f06319e430072c752449d257dbbe896bc601bc0d2c780007b72449f23e006e24e7fc746a3abc014b1d4992e49d007827c8c10d38ac254992b702e0bde0c0f61b1370484b92246f06c09ba1d75a6b83df9c40ad7572224a92244b1ec072c7210d389c2549d2c5dbfef9633314783be86445c4ec37293898254992beb8e4f1b700c01b4267ca6f5270204b9224794f00de110e63c0612c4992bc2b00ef0939888177dafe5ebc134e9224795b00963b0e60c0012c4992e48d01de1572f8020e5f4992e49d01f422a5f4708a3974014b1d499224ef0df0c690031770e04a92246f0ec05b430e5ab8de0f4b1e9c5a9224c9db03b0d89143162c75244992bc3f00cb1d872be080952449f20e01ef0e39580187ab2449f21601bc3fe4400587aa2449923709e00d72eb5a6ba3dfd4e040952449b2e4016f113944812f48293d9c3e922449de2760b1a3b7546b9dfce60607a9244992250f7893c8c1093840254992bc55c0bb440e4d70784a9224c97b05bc4fe4b0848345c4ec64912449f26e018b1d7dac52cae2373b38342549922c79c03b450e4870584a922469f7fc013578abc882071c94922449de30e0cd220723dcd9dae0d4902449f296018b1d9daaf5b13afacd0f0e484992244b1ef07691c3101c8c922449f2ae01ef171dd1f6574dfc47003fabb54e4e074992240b1eb0dc9143101c88922449f2be01ef183900c161284992246f1cf09e91830f1c82922449de3ae04d23871e3804254992d45b11319b7ff1ae91e50e38fc244992e4cd03de3672d881834f922449de3de08d23871c38f4244992f452b5d6c99c8c378e2c78c08127499224ef1ff0d691c30d1c74922449f20e02ef1d39d8c04127499224ef202e6f6df45fab1c6a58ea48922449de4378f7c881060e38499224791381778f4e5d4ae9e13f1e1c6e922449b2e001ef1f39c8c0a1264992246f23f00692430c1c6a922449f236c23b487280e13093244992bc91f01692c30b1c66922449f24602ef2139b8c021264992246f25f02692430b8798244992e4adc4d5ac8dfe0b93030b4b1d499224c99b096f23c96185c34b922449f266c2db489728e7fcf41f190e2e499224c992076f2439a4c0a1254992246f27f04692430a079624499274de6aad93d91f6f2559eee0b092244992bca1f056921c4e9c432965f15f8f244992bca1e09fb66f7af92f450e266ca0254992246f29bc992487120e29499224c95b0a6f263994c00125499224794be1ed2407120e27499224c99b0a6f27c96184c349922449f2a6c2fb497210e15092244992bcabf0869283088792244992a45fb4fd53d8de16de5092050f1fb736f8dd2f499224795b61b92307d0bfdab963dbd661280ca3815aaee06152680e6fce195808607b2317e99d846274a573002e40051ff013efd911230000c0beb2a540801c31020000fbcab1a7407c1c110200003bcbb1a9101e47840000003bcbb1a9101e47840000003bcbae02d171040800006c2dc7ae02d1111f0000c0d6727e74768bbf5c44c7f1b0030000d85bf615888d233c0000607339f615888df00000003697636321348eff030a0000d85d1e7640681cc1010000ec2e3b0b844670000000bbcbb1b54064c4060000b0bd6c2d1019476c000000dbcbd6029171c40600006eacd6bada3ff61678dcb9d869ad3dfd050200c07d4444b1853cec80071e910100006c30c7e6027111190000c006b3bb40581c81010000ec30bb0b8445600000003bccb1bb405804060000b0c36c2f400cc4050000b0c56c2f1015475c0000005bccf6025111170000e03e22a2d852f61778dc1116000020b1d6dad3a6b2bfc0038fb0000000b698fd05888ab0000000b6980d0682222a000000f6980d0682222a0000803de6d8602028a2020000d8637618888923280000804d66878198080a0000804d66878198080a00006093d9618098080a0000608fd9622026d73fbbe22f000000b0c93cec8098080a0000804d66878198080a00006093d9628090880900006097d96220246202000030d7b66d9fb618f0671e760000006cb291a7b5f6f465414c3cec00000036993d06dc352462020000d865b6180889980000004c7385dfdff115e1043cec000000d864bf39bbe20b829878d80100006c327b0cb86b486aadabaf070000d8651e76808f9c0f3cbe1a00006093d9628098000000d8646f9ed78f40fb5220261e76000000926e325f0884444c000000926e325f07c4444c000000926e325f05c4444c000000de14118b2d060ce171070000c01ef335404cc404000020e926f315404cc404000020e91ef30540500405000020e91e73f320288202000090788fb975101431010000b0c5004101000060e61e73d320288202000090748bb96510155101000048bac5dc2e888aa800000024dd61b5d6d5ed82b078dc01000048bac3dc2a888aa80000004cf2fa5736361830d4c8a8f4de1f6e14000060ce0e739380b000000024dd606e11181e173fe0050000306783ed8a1b0486c7c5ed010000d85f80b8000000d860b617202e000000d7db5f6e0c1018000080a4fbcb4d010203000090747bb9254064000000926eafdde28680c322e376000000ec2ee0e422a2880c0000c0716c2ee05f42d37b7fb8190000806376971b018406000020e9e6721b80d800000024f3fd93186e02389cd8000000c0397c01bdf4f9046b4ae81d0000000049454e44ae426082),
(8, 'sukma', 'sukmaadi@gmail.com', '0', '111', 'jlsulawesi', ''),
(10, 'admin', 'admin@gmail.com', '082322304800', '12345678', 'semarang', ''),
(11, 'dev', 'dev@gmail.com', '082322304800', '111', 'semarang', ''),
(15, 'Sasti', 'sasti@gmail.com', '808', '1234', 'puncang', 0x3c696d67207372633d22696d672f70726f66696c2e706e67223e),
(16, 'patrik', 'patrik@gmail.com', '88898889', '123', 'Sungapan', 0x3c696d67207372633d22696d672f70726f66696c2e706e67223e),
(17, 'sukamoto', 'sukamoto@gmail.com', '98232312', 'sukamoto', 'Jepang', 0x3c696d67207372633d22696d672f70726f66696c2e706e67223e);

-- --------------------------------------------------------

--
-- Table structure for table `userakses`
--

CREATE TABLE `userakses` (
  `userid` int(11) NOT NULL,
  `akses` varchar(10) NOT NULL
) ENGINE=InnoDB DEFAULT CHARSET=utf8mb4;

--
-- Dumping data for table `userakses`
--

INSERT INTO `userakses` (`userid`, `akses`) VALUES
(10, 'admin'),
(8, 'clien'),
(11, 'admin'),
(11, 'clien');

--
-- Indexes for dumped tables
--

--
-- Indexes for table `hakakses`
--
ALTER TABLE `hakakses`
  ADD PRIMARY KEY (`akses`);

--
-- Indexes for table `kamar`
--
ALTER TABLE `kamar`
  ADD PRIMARY KEY (`nokamar`);

--
-- Indexes for table `transaksikamar`
--
ALTER TABLE `transaksikamar`
  ADD PRIMARY KEY (`idtransaksi`),
  ADD KEY `nokamar` (`nokamar`),
  ADD KEY `userid` (`userid`);

--
-- Indexes for table `user`
--
ALTER TABLE `user`
  ADD PRIMARY KEY (`userid`);

--
-- Indexes for table `userakses`
--
ALTER TABLE `userakses`
  ADD KEY `akses` (`akses`),
  ADD KEY `userid` (`userid`);

--
-- AUTO_INCREMENT for dumped tables
--

--
-- AUTO_INCREMENT for table `transaksikamar`
--
ALTER TABLE `transaksikamar`
  MODIFY `idtransaksi` int(11) NOT NULL AUTO_INCREMENT, AUTO_INCREMENT=68;

--
-- AUTO_INCREMENT for table `user`
--
ALTER TABLE `user`
  MODIFY `userid` int(11) NOT NULL AUTO_INCREMENT, AUTO_INCREMENT=18;

--
-- Constraints for dumped tables
--

--
-- Constraints for table `transaksikamar`
--
ALTER TABLE `transaksikamar`
  ADD CONSTRAINT `transaksikamar_ibfk_1` FOREIGN KEY (`nokamar`) REFERENCES `kamar` (`nokamar`),
  ADD CONSTRAINT `transaksikamar_ibfk_2` FOREIGN KEY (`userid`) REFERENCES `user` (`userid`);

--
-- Constraints for table `userakses`
--
ALTER TABLE `userakses`
  ADD CONSTRAINT `userakses_ibfk_1` FOREIGN KEY (`akses`) REFERENCES `hakakses` (`akses`),
  ADD CONSTRAINT `userakses_ibfk_2` FOREIGN KEY (`userid`) REFERENCES `user` (`userid`);
COMMIT;

/*!40101 SET CHARACTER_SET_CLIENT=@OLD_CHARACTER_SET_CLIENT */;
/*!40101 SET CHARACTER_SET_RESULTS=@OLD_CHARACTER_SET_RESULTS */;
/*!40101 SET COLLATION_CONNECTION=@OLD_COLLATION_CONNECTION */;
